Workbook

Sheet Dashboard
A1: Shipment Delivery & Returns Dashboard
A3: Q3 2026 (Jul - Sep) | Delivery performance against SLA and returns analysis
A6: TOTAL SHIPMENTS | D6: DELIVERED | G6: ON-TIME DELIVERY | J6: AVG TAT (DAYS) | M6: RETURN RATE | P6: RTO RATE
A7: ='Summary Tables'!A5 -> 800 | D7: ='Summary Tables'!B5 -> 662 | G7: ='Summary Tables'!A8 -> 0.60669456 | J7: ='Summary Tables'!B8 -> 3.7154812 | M7: ='Summary Tables'!D8 -> 0.06875 | P7: ='Summary Tables'!E8 -> 0.065
A10: On-Time % by Courier | J10: Return / RTO Reasons
A30: Shipment Status | J30: Average TAT by City (Days)

Sheet Summary Tables
A1: Shipment Delivery & Returns Report | Q3 2026
A2: Simulated shipment data (800 shipments, 4 couriers). All numbers are live formulas on the Tracker sheet.
A4: Total Shipments | B4: Delivered | C4: In Transit | D4: Returned | E4: RTO
A5: =COUNTA(Tracker!$A$2:$A$801) -> 800 | B5: =COUNTIFS(Tracker!$F$2:$F$801,"Delivered") -> 662 | C5: =COUNTIFS(Tracker!$F$2:$F$801,"In Transit") -> 31 | D5: =COUNTIFS(Tracker!$F$2:$F$801,"Returned") -> 55 | E5: =COUNTIFS(Tracker!$F$2:$F$801,"RTO") -> 52
A7: On-Time Delivery % | B7: Avg TAT (Days) | C7: Delayed Shipments | D7: Return Rate | E7: RTO Rate
A8: =COUNTIFS(Tracker!$J$2:$J$801,"On Time")/(COUNTIFS(Tracker!$J$2:$J$801,"On Time")+COUNTIFS(Tracker!$J$2:$J$801,"Delayed")) -> 0.60669456 | B8: =AVERAGE(Tracker!$I$2:$I$801) -> 3.7154812 | C8: =COUNTIFS(Tracker!$J$2:$J$801,"Delayed") -> 282 | D8: =D5/A5 -> 0.06875 | E8: =E5/A5 -> 0.065
A11: Courier Performance | J11: Shipment Status
A12: Courier | B12: Shipments | C12: Avg TAT (Days) | D12: Delayed | E12: On-Time % | F12: Returned + RTO | G12: Return + RTO % | J12: Status | K12: Count
A13: Courier A | B13: =COUNTIFS(Tracker!$E$2:$E$801,A13) -> 209 | C13: =IFERROR(AVERAGEIFS(Tracker!$I$2:$I$801,Tracker!$E$2:$E$801,A13),0) -> 3.2336957 | D13: =COUNTIFS(Tracker!$E$2:$E$801,A13,Tracker!$J$2:$J$801,"Delayed") -> 47 | E13: =IFERROR(COUNTIFS(Tracker!$E$2:$E$801,A13,Tracker!$J$2:$J$801,"On Time")/(COUNTIFS(Tracker!$E$2:$E$801,A13,Tracker!$J$2:$J$801,"On Time")+D13),0) -> 0.74456522 | F13: =COUNTIFS(Tracker!$E$2:$E$801,A13,Tracker!$F$2:$F$801,"Returned")+COUNTIFS(Tracker!$E$2:$E$801,A13,Tracker!$F$2:$F$801,"RTO") -> 23 | G13: =IFERROR(F13/B13,0) -> 0.11004785 | J13: Delivered | K13: =COUNTIFS(Tracker!$F$2:$F$801,J13) -> 662
A14: Courier B | B14: =COUNTIFS(Tracker!$E$2:$E$801,A14) -> 216 | C14: =IFERROR(AVERAGEIFS(Tracker!$I$2:$I$801,Tracker!$E$2:$E$801,A14),0) -> 3.625641 | D14: =COUNTIFS(Tracker!$E$2:$E$801,A14,Tracker!$J$2:$J$801,"Delayed") -> 76 | E14: =IFERROR(COUNTIFS(Tracker!$E$2:$E$801,A14,Tracker!$J$2:$J$801,"On Time")/(COUNTIFS(Tracker!$E$2:$E$801,A14,Tracker!$J$2:$J$801,"On Time")+D14),0) -> 0.61025641 | F14: =COUNTIFS(Tracker!$E$2:$E$801,A14,Tracker!$F$2:$F$801,"Returned")+COUNTIFS(Tracker!$E$2:$E$801,A14,Tracker!$F$2:$F$801,"RTO") -> 30 | G14: =IFERROR(F14/B14,0) -> 0.13888889 | J14: In Transit | K14: =COUNTIFS(Tracker!$F$2:$F$801,J14) -> 31
A15: Courier C | B15: =COUNTIFS(Tracker!$E$2:$E$801,A15) -> 187 | C15: =IFERROR(AVERAGEIFS(Tracker!$I$2:$I$801,Tracker!$E$2:$E$801,A15),0) -> 4.2093023 | D15: =COUNTIFS(Tracker!$E$2:$E$801,A15,Tracker!$J$2:$J$801,"Delayed") -> 98 | E15: =IFERROR(COUNTIFS(Tracker!$E$2:$E$801,A15,Tracker!$J$2:$J$801,"On Time")/(COUNTIFS(Tracker!$E$2:$E$801,A15,Tracker!$J$2:$J$801,"On Time")+D15),0) -> 0.43023256 | F15: =COUNTIFS(Tracker!$E$2:$E$801,A15,Tracker!$F$2:$F$801,"Returned")+COUNTIFS(Tracker!$E$2:$E$801,A15,Tracker!$F$2:$F$801,"RTO") -> 23 | G15: =IFERROR(F15/B15,0) -> 0.12299465 | J15: Returned | K15: =COUNTIFS(Tracker!$F$2:$F$801,J15) -> 55
A16: Courier D | B16: =COUNTIFS(Tracker!$E$2:$E$801,A16) -> 188 | C16: =IFERROR(AVERAGEIFS(Tracker!$I$2:$I$801,Tracker!$E$2:$E$801,A16),0) -> 3.8433735 | D16: =COUNTIFS(Tracker!$E$2:$E$801,A16,Tracker!$J$2:$J$801,"Delayed") -> 61 | E16: =IFERROR(COUNTIFS(Tracker!$E$2:$E$801,A16,Tracker!$J$2:$J$801,"On Time")/(COUNTIFS(Tracker!$E$2:$E$801,A16,Tracker!$J$2:$J$801,"On Time")+D16),0) -> 0.63253012 | F16: =COUNTIFS(Tracker!$E$2:$E$801,A16,Tracker!$F$2:$F$801,"Returned")+COUNTIFS(Tracker!$E$2:$E$801,A16,Tracker!$F$2:$F$801,"RTO") -> 31 | G16: =IFERROR(F16/B16,0) -> 0.16489362 | J16: RTO | K16: =COUNTIFS(Tracker!$F$2:$F$801,J16) -> 52
A19: Return / RTO Reasons | E19: City-wise Delivery
A20: Reason | B20: Count | C20: Share | E20: City | F20: Shipments | G20: Avg TAT | H20: Delayed %
A21: Damaged / wrong item | B21: =COUNTIFS(Tracker!$G$2:$G$801,A21) -> 22 | C21: =IFERROR(B21/SUM($B$21:$B$25),0) -> 0.20560748 | E21: Delhi | F21: =COUNTIFS(Tracker!$D$2:$D$801,E21) -> 178 | G21: =IFERROR(AVERAGEIFS(Tracker!$I$2:$I$801,Tracker!$D$2:$D$801,E21),0) -> 3.1483871 | H21: =IFERROR(COUNTIFS(Tracker!$D$2:$D$801,E21,Tracker!$J$2:$J$801,"Delayed")/(COUNTIFS(Tracker!$D$2:$D$801,E21,Tracker!$J$2:$J$801,"Delayed")+COUNTIFS(Tracker!$D$2:$D$801,E21,Tracker!$J$2:$J$801,"On Time")),0) -> 0.38064516
A22: Customer not available | B22: =COUNTIFS(Tracker!$G$2:$G$801,A22) -> 13 | C22: =IFERROR(B22/SUM($B$21:$B$25),0) -> 0.12149533 | E22: Mumbai | F22: =COUNTIFS(Tracker!$D$2:$D$801,E22) -> 171 | G22: =IFERROR(AVERAGEIFS(Tracker!$I$2:$I$801,Tracker!$D$2:$D$801,E22),0) -> 3.1935484 | H22: =IFERROR(COUNTIFS(Tracker!$D$2:$D$801,E22,Tracker!$J$2:$J$801,"Delayed")/(COUNTIFS(Tracker!$D$2:$D$801,E22,Tracker!$J$2:$J$801,"Delayed")+COUNTIFS(Tracker!$D$2:$D$801,E22,Tracker!$J$2:$J$801,"On Time")),0) -> 0.40645161
A23: Address issue | B23: =COUNTIFS(Tracker!$G$2:$G$801,A23) -> 26 | C23: =IFERROR(B23/SUM($B$21:$B$25),0) -> 0.24299065 | E23: Bengaluru | F23: =COUNTIFS(Tracker!$D$2:$D$801,E23) -> 123 | G23: =IFERROR(AVERAGEIFS(Tracker!$I$2:$I$801,Tracker!$D$2:$D$801,E23),0) -> 3.3181818 | H23: =IFERROR(COUNTIFS(Tracker!$D$2:$D$801,E23,Tracker!$J$2:$J$801,"Delayed")/(COUNTIFS(Tracker!$D$2:$D$801,E23,Tracker!$J$2:$J$801,"Delayed")+COUNTIFS(Tracker!$D$2:$D$801,E23,Tracker!$J$2:$J$801,"On Time")),0) -> 0.43636364
A24: Refused at delivery | B24: =COUNTIFS(Tracker!$G$2:$G$801,A24) -> 27 | C24: =IFERROR(B24/SUM($B$21:$B$25),0) -> 0.25233645 | E24: Hyderabad | F24: =COUNTIFS(Tracker!$D$2:$D$801,E24) -> 115 | G24: =IFERROR(AVERAGEIFS(Tracker!$I$2:$I$801,Tracker!$D$2:$D$801,E24),0) -> 3.0660377 | H24: =IFERROR(COUNTIFS(Tracker!$D$2:$D$801,E24,Tracker!$J$2:$J$801,"Delayed")/(COUNTIFS(Tracker!$D$2:$D$801,E24,Tracker!$J$2:$J$801,"Delayed")+COUNTIFS(Tracker!$D$2:$D$801,E24,Tracker!$J$2:$J$801,"On Time")),0) -> 0.3490566
A25: Changed mind | B25: =COUNTIFS(Tracker!$G$2:$G$801,A25) -> 19 | C25: =IFERROR(B25/SUM($B$21:$B$25),0) -> 0.17757009 | E25: Kolkata | F25: =COUNTIFS(Tracker!$D$2:$D$801,E25) -> 49 | G25: =IFERROR(AVERAGEIFS(Tracker!$I$2:$I$801,Tracker!$D$2:$D$801,E25),0) -> 4.1395349 | H25: =IFERROR(COUNTIFS(Tracker!$D$2:$D$801,E25,Tracker!$J$2:$J$801,"Delayed")/(COUNTIFS(Tracker!$D$2:$D$801,E25,Tracker!$J$2:$J$801,"Delayed")+COUNTIFS(Tracker!$D$2:$D$801,E25,Tracker!$J$2:$J$801,"On Time")),0) -> 0.34883721
E26: Jaipur | F26: =COUNTIFS(Tracker!$D$2:$D$801,E26) -> 56 | G26: =IFERROR(AVERAGEIFS(Tracker!$I$2:$I$801,Tracker!$D$2:$D$801,E26),0) -> 5.2653061 | H26: =IFERROR(COUNTIFS(Tracker!$D$2:$D$801,E26,Tracker!$J$2:$J$801,"Delayed")/(COUNTIFS(Tracker!$D$2:$D$801,E26,Tracker!$J$2:$J$801,"Delayed")+COUNTIFS(Tracker!$D$2:$D$801,E26,Tracker!$J$2:$J$801,"On Time")),0) -> 0.46938776
E27: Lucknow | F27: =COUNTIFS(Tracker!$D$2:$D$801,E27) -> 44 | G27: =IFERROR(AVERAGEIFS(Tracker!$I$2:$I$801,Tracker!$D$2:$D$801,E27),0) -> 5.1052632 | H27: =IFERROR(COUNTIFS(Tracker!$D$2:$D$801,E27,Tracker!$J$2:$J$801,"Delayed")/(COUNTIFS(Tracker!$D$2:$D$801,E27,Tracker!$J$2:$J$801,"Delayed")+COUNTIFS(Tracker!$D$2:$D$801,E27,Tracker!$J$2:$J$801,"On Time")),0) -> 0.39473684
E28: Indore | F28: =COUNTIFS(Tracker!$D$2:$D$801,E28) -> 29 | G28: =IFERROR(AVERAGEIFS(Tracker!$I$2:$I$801,Tracker!$D$2:$D$801,E28),0) -> 5 | H28: =IFERROR(COUNTIFS(Tracker!$D$2:$D$801,E28,Tracker!$J$2:$J$801,"Delayed")/(COUNTIFS(Tracker!$D$2:$D$801,E28,Tracker!$J$2:$J$801,"Delayed")+COUNTIFS(Tracker!$D$2:$D$801,E28,Tracker!$J$2:$J$801,"On Time")),0) -> 0.30769231
E29: Patna | F29: =COUNTIFS(Tracker!$D$2:$D$801,E29) -> 19 | G29: =IFERROR(AVERAGEIFS(Tracker!$I$2:$I$801,Tracker!$D$2:$D$801,E29),0) -> 5.7894737 | H29: =IFERROR(COUNTIFS(Tracker!$D$2:$D$801,E29,Tracker!$J$2:$J$801,"Delayed")/(COUNTIFS(Tracker!$D$2:$D$801,E29,Tracker!$J$2:$J$801,"Delayed")+COUNTIFS(Tracker!$D$2:$D$801,E29,Tracker!$J$2:$J$801,"On Time")),0) -> 0.31578947
E30: Guwahati | F30: =COUNTIFS(Tracker!$D$2:$D$801,E30) -> 16 | G30: =IFERROR(AVERAGEIFS(Tracker!$I$2:$I$801,Tracker!$D$2:$D$801,E30),0) -> 7.5625 | H30: =IFERROR(COUNTIFS(Tracker!$D$2:$D$801,E30,Tracker!$J$2:$J$801,"Delayed")/(COUNTIFS(Tracker!$D$2:$D$801,E30,Tracker!$J$2:$J$801,"Delayed")+COUNTIFS(Tracker!$D$2:$D$801,E30,Tracker!$J$2:$J$801,"On Time")),0) -> 0.5

Sheet Tracker
A1: Order ID | B1: Ship Date | C1: Delivery Date | D1: City | E1: Courier | F1: Status | G1: Return / RTO Reason | H1: SLA (Days) | I1: TAT (Days) | J1: Delivery Flag | K1: Days Delayed
A2: SHP50001 | B2: 46204 | C2: 46209 | D2: Indore | E2: Courier C | F2: Delivered | H2: =IFERROR(VLOOKUP(D2,Settings!$A$5:$C$14,3,FALSE()),"") -> 5 | I2: =IF(C2="","",C2-B2) -> 5 | J2: =IF(I2="","",IF(I2>H2,"Delayed","On Time")) -> On Time | K2: =IF(J2="Delayed",I2-H2,"")
A3: SHP50002 | B3: 46204 | C3: 46207 | D3: Mumbai | E3: Courier D | F3: Delivered | H3: =IFERROR(VLOOKUP(D3,Settings!$A$5:$C$14,3,FALSE()),"") -> 3 | I3: =IF(C3="","",C3-B3) -> 3 | J3: =IF(I3="","",IF(I3>H3,"Delayed","On Time")) -> On Time | K3: =IF(J3="Delayed",I3-H3,"")
A4: SHP50003 | B4: 46204 | C4: 46208 | D4: Jaipur | E4: Courier D | F4: Delivered | H4: =IFERROR(VLOOKUP(D4,Settings!$A$5:$C$14,3,FALSE()),"") -> 5 | I4: =IF(C4="","",C4-B4) -> 4 | J4: =IF(I4="","",IF(I4>H4,"Delayed","On Time")) -> On Time | K4: =IF(J4="Delayed",I4-H4,"")
A5: SHP50004 | B5: 46204 | C5: 46209 | D5: Delhi | E5: Courier B | F5: Delivered | H5: =IFERROR(VLOOKUP(D5,Settings!$A$5:$C$14,3,FALSE()),"") -> 3 | I5: =IF(C5="","",C5-B5) -> 5 | J5: =IF(I5="","",IF(I5>H5,"Delayed","On Time")) -> Delayed | K5: =IF(J5="Delayed",I5-H5,"") -> 2
A6: SHP50005 | B6: 46204 | C6: 46208 | D6: Jaipur | E6: Courier B | F6: Delivered | H6: =IFERROR(VLOOKUP(D6,Settings!$A$5:$C$14,3,FALSE()),"") -> 5 | I6: =IF(C6="","",C6-B6) -> 4 | J6: =IF(I6="","",IF(I6>H6,"Delayed","On Time")) -> On Time | K6: =IF(J6="Delayed",I6-H6,"")
A7: SHP50006 | B7: 46205 | D7: Jaipur | E7: Courier A | F7: RTO | G7: Refused at delivery | H7: =IFERROR(VLOOKUP(D7,Settings!$A$5:$C$14,3,FALSE()),"") -> 5 | I7: =IF(C7="","",C7-B7) | J7: =IF(I7="","",IF(I7>H7,"Delayed","On Time")) | K7: =IF(J7="Delayed",I7-H7,"")
A8: SHP50007 | B8: 46205 | C8: 46210 | D8: Jaipur | E8: Courier C | F8: Delivered | H8: =IFERROR(VLOOKUP(D8,Settings!$A$5:$C$14,3,FALSE()),"") -> 5 | I8: =IF(C8="","",C8-B8) -> 5 | J8: =IF(I8="","",IF(I8>H8,"Delayed","On Time")) -> On Time | K8: =IF(J8="Delayed",I8-H8,"")
A9: SHP50008 | B9: 46205 | C9: 46207 | D9: Delhi | E9: Courier D | F9: Delivered | H9: =IFERROR(VLOOKUP(D9,Settings!$A$5:$C$14,3,FALSE()),"") -> 3 | I9: =IF(C9="","",C9-B9) -> 2 | J9: =IF(I9="","",IF(I9>H9,"Delayed","On Time")) -> On Time | K9: =IF(J9="Delayed",I9-H9,"")
A10: SHP50009 | B10: 46205 | C10: 46207 | D10: Hyderabad | E10: Courier B | F10: Delivered | H10: =IFERROR(VLOOKUP(D10,Settings!$A$5:$C$14,3,FALSE()),"") -> 3 | I10: =IF(C10="","",C10-B10) -> 2 | J10: =IF(I10="","",IF(I10>H10,"Delayed","On Time")) -> On Time | K10: =IF(J10="Delayed",I10-H10,"")
A11: SHP50010 | B11: 46205 | C11: 46211 | D11: Delhi | E11: Courier A | F11: Delivered | H11: =IFERROR(VLOOKUP(D11,Settings!$A$5:$C$14,3,FALSE()),"") -> 3 | I11: =IF(C11="","",C11-B11) -> 6 | J11: =IF(I11="","",IF(I11>H11,"Delayed","On Time")) -> Delayed | K11: =IF(J11="Delayed",I11-H11,"") -> 3
A12: SHP50011 | B12: 46205 | C12: 46208 | D12: Hyderabad | E12: Courier B | F12: Delivered | H12: =IFERROR(VLOOKUP(D12,Settings!$A$5:$C$14,3,FALSE()),"") -> 3 | I12: =IF(C12="","",C12-B12) -> 3 | J12: =IF(I12="","",IF(I12>H12,"Delayed","On Time")) -> On Time | K12: =IF(J12="Delayed",I12-H12,"")
A13: SHP50012 | B13: 46205 | C13: 46208 | D13: Bengaluru | E13: Courier D | F13: Delivered | H13: =IFERROR(VLOOKUP(D13,Settings!$A$5:$C$14,3,FALSE()),"") -> 3 | I13: =IF(C13="","",C13-B13) -> 3 | J13: =IF(I13="","",IF(I13>H13,"Delayed","On Time")) -> On Time | K13: =IF(J13="Delayed",I13-H13,"")
A14: SHP50013 | B14: 46205 | D14: Delhi | E14: Courier C | F14: RTO | G14: Address issue | H14: =IFERROR(VLOOKUP(D14,Settings!$A$5:$C$14,3,FALSE()),"") -> 3 | I14: =IF(C14="","",C14-B14) | J14: =IF(I14="","",IF(I14>H14,"Delayed","On Time")) | K14: =IF(J14="Delayed",I14-H14,"")
A15: SHP50014 | B15: 46205 | C15: 46206 | D15: Bengaluru | E15: Courier A | F15: Delivered | H15: =IFERROR(VLOOKUP(D15,Settings!$A$5:$C$14,3,FALSE()),"") -> 3 | I15: =IF(C15="","",C15-B15) -> 1 | J15: =IF(I15="","",IF(I15>H15,"Delayed","On Time")) -> On Time | K15: =IF(J15="Delayed",I15-H15,"")
A16: SHP50015 | B16: 46205 | D16: Delhi | E16: Courier C | F16: RTO | G16: Customer not available | H16: =IFERROR(VLOOKUP(D16,Settings!$A$5:$C$14,3,FALSE()),"") -> 3 | I16: =IF(C16="","",C16-B16) | J16: =IF(I16="","",IF(I16>H16,"Delayed","On Time")) | K16: =IF(J16="Delayed",I16-H16,"")
A17: SHP50016 | B17: 46206 | C17: 46214 | D17: Guwahati | E17: Courier A | F17: Delivered | H17: =IFERROR(VLOOKUP(D17,Settings!$A$5:$C$14,3,FALSE()),"") -> 7 | I17: =IF(C17="","",C17-B17) -> 8 | J17: =IF(I17="","",IF(I17>H17,"Delayed","On Time")) -> Delayed | K17: =IF(J17="Delayed",I17-H17,"") -> 1
A18: SHP50017 | B18: 46206 | C18: 46211 | D18: Hyderabad | E18: Courier C | F18: Delivered | H18: =IFERROR(VLOOKUP(D18,Settings!$A$5:$C$14,3,FALSE()),"") -> 3 | I18: =IF(C18="","",C18-B18) -> 5 | J18: =IF(I18="","",IF(I18>H18,"Delayed","On Time")) -> Delayed | K18: =IF(J18="Delayed",I18-H18,"") -> 2
A19: SHP50018 | B19: 46206 | C19: 46209 | D19: Delhi | E19: Courier A | F19: Delivered | H19: =IFERROR(VLOOKUP(D19,Settings!$A$5:$C$14,3,FALSE()),"") -> 3 | I19: =IF(C19="","",C19-B19) -> 3 | J19: =IF(I19="","",IF(I19>H19,"Delayed","On Time")) -> On Time | K19: =IF(J19="Delayed",I19-H19,"")
A20: SHP50019 | B20: 46206 | C20: 46209 | D20: Delhi | E20: Courier D | F20: Returned | G20: Damaged / wrong item | H20: =IFERROR(VLOOKUP(D20,Settings!$A$5:$C$14,3,FALSE()),"") -> 3 | I20: =IF(C20="","",C20-B20) -> 3 | J20: =IF(I20="","",IF(I20>H20,"Delayed","On Time")) -> On Time | K20: =IF(J20="Delayed",I20-H20,"")
A21: SHP50020 | B21: 46207 | C21: 46215 | D21: Guwahati | E21: Courier C | F21: Delivered | H21: =IFERROR(VLOOKUP(D21,Settings!$A$5:$C$14,3,FALSE()),"") -> 7 | I21: =IF(C21="","",C21-B21) -> 8 | J21: =IF(I21="","",IF(I21>H21,"Delayed","On Time")) -> Delayed | K21: =IF(J21="Delayed",I21-H21,"") -> 1
A22: SHP50021 | B22: 46207 | C22: 46210 | D22: Delhi | E22: Courier D | F22: Delivered | H22: =IFERROR(VLOOKUP(D22,Settings!$A$5:$C$14,3,FALSE()),"") -> 3 | I22: =IF(C22="","",C22-B22) -> 3 | J22: =IF(I22="","",IF(I22>H22,"Delayed","On Time")) -> On Time | K22: =IF(J22="Delayed",I22-H22,"")
A23: SHP50022 | B23: 46207 | C23: 46213 | D23: Jaipur | E23: Courier D | F23: Delivered | H23: =IFERROR(VLOOKUP(D23,Settings!$A$5:$C$14,3,FALSE()),"") -> 5 | I23: =IF(C23="","",C23-B23) -> 6 | J23: =IF(I23="","",IF(I23>H23,"Delayed","On Time")) -> Delayed | K23: =IF(J23="Delayed",I23-H23,"") -> 1
A24: SHP50023 | B24: 46207 | C24: 46211 | D24: Mumbai | E24: Courier A | F24: Delivered | H24: =IFERROR(VLOOKUP(D24,Settings!$A$5:$C$14,3,FALSE()),"") -> 3 | I24: =IF(C24="","",C24-B24) -> 4 | J24: =IF(I24="","",IF(I24>H24,"Delayed","On Time")) -> Delayed | K24: =IF(J24="Delayed",I24-H24,"") -> 1
A25: SHP50024 | B25: 46208 | C25: 46215 | D25: Patna | E25: Courier C | F25: Delivered | H25: =IFERROR(VLOOKUP(D25,Settings!$A$5:$C$14,3,FALSE()),"") -> 6 | I25: =IF(C25="","",C25-B25) -> 7 | J25: =IF(I25="","",IF(I25>H25,"Delayed","On Time")) -> Delayed | K25: =IF(J25="Delayed",I25-H25,"") -> 1
A26: SHP50025 | B26: 46208 | C26: 46211 | D26: Mumbai | E26: Courier B | F26: Delivered | H26: =IFERROR(VLOOKUP(D26,Settings!$A$5:$C$14,3,FALSE()),"") -> 3 | I26: =IF(C26="","",C26-B26) -> 3 | J26: =IF(I26="","",IF(I26>H26,"Delayed","On Time")) -> On Time | K26: =IF(J26="Delayed",I26-H26,"")
A27: SHP50026 | B27: 46208 | C27: 46213 | D27: Bengaluru | E27: Courier D | F27: Delivered | H27: =IFERROR(VLOOKUP(D27,Settings!$A$5:$C$14,3,FALSE()),"") -> 3 | I27: =IF(C27="","",C27-B27) -> 5 | J27: =IF(I27="","",IF(I27>H27,"Delayed","On Time")) -> Delayed | K27: =IF(J27="Delayed",I27-H27,"") -> 2
A28: SHP50027 | B28: 46208 | C28: 46217 | D28: Indore | E28: Courier C | F28: Delivered | H28: =IFERROR(VLOOKUP(D28,Settings!$A$5:$C$14,3,FALSE()),"") -> 5 | I28: =IF(C28="","",C28-B28) -> 9 | J28: =IF(I28="","",IF(I28>H28,"Delayed","On Time")) -> Delayed | K28: =IF(J28="Delayed",I28-H28,"") -> 4
A29: SHP50028 | B29: 46208 | C29: 46212 | D29: Mumbai | E29: Courier B | F29: Delivered | H29: =IFERROR(VLOOKUP(D29,Settings!$A$5:$C$14,3,FALSE()),"") -> 3 | I29: =IF(C29="","",C29-B29) -> 4 | J29: =IF(I29="","",IF(I29>H29,"Delayed","On Time")) -> Delayed | K29: =IF(J29="Delayed",I29-H29,"") -> 1
A30: SHP50029 | B30: 46208 | C30: 46212 | D30: Bengaluru | E30: Courier B | F30: Delivered | H30: =IFERROR(VLOOKUP(D30,Settings!$A$5:$C$14,3,FALSE()),"") -> 3 | I30: =IF(C30="","",C30-B30) -> 4 | J30: =IF(I30="","",IF(I30>H30,"Delayed","On Time")) -> Delayed | K30: =IF(J30="Delayed",I30-H30,"") -> 1
A31: SHP50030 | B31: 46209 | C31: 46212 | D31: Hyderabad | E31: Courier B | F31: Delivered | H31: =IFERROR(VLOOKUP(D31,Settings!$A$5:$C$14,3,FALSE()),"") -> 3 | I31: =IF(C31="","",C31-B31) -> 3 | J31: =IF(I31="","",IF(I31>H31,"Delayed","On Time")) -> On Time | K31: =IF(J31="Delayed",I31-H31,"")
A32: SHP50031 | B32: 46209 | C32: 46215 | D32: Patna | E32: Courier D | F32: Delivered | H32: =IFERROR(VLOOKUP(D32,Settings!$A$5:$C$14,3,FALSE()),"") -> 6 | I32: =IF(C32="","",C32-B32) -> 6 | J32: =IF(I32="","",IF(I32>H32,"Delayed","On Time")) -> On Time | K32: =IF(J32="Delayed",I32-H32,"")
A33: SHP50032 | B33: 46209 | C33: 46211 | D33: Mumbai | E33: Courier B | F33: Returned | G33: Refused at delivery | H33: =IFERROR(VLOOKUP(D33,Settings!$A$5:$C$14,3,FALSE()),"") -> 3 | I33: =IF(C33="","",C33-B33) -> 2 | J33: =IF(I33="","",IF(I33>H33,"Delayed","On Time")) -> On Time | K33: =IF(J33="Delayed",I33-H33,"")
A34: SHP50033 | B34: 46209 | C34: 46211 | D34: Delhi | E34: Courier C | F34: Delivered | H34: =IFERROR(VLOOKUP(D34,Settings!$A$5:$C$14,3,FALSE()),"") -> 3 | I34: =IF(C34="","",C34-B34) -> 2 | J34: =IF(I34="","",IF(I34>H34,"Delayed","On Time")) -> On Time | K34: =IF(J34="Delayed",I34-H34,"")
A35: SHP50034 | B35: 46209 | C35: 46213 | D35: Mumbai | E35: Courier C | F35: Delivered | H35: =IFERROR(VLOOKUP(D35,Settings!$A$5:$C$14,3,FALSE()),"") -> 3 | I35: =IF(C35="","",C35-B35) -> 4 | J35: =IF(I35="","",IF(I35>H35,"Delayed","On Time")) -> Delayed | K35: =IF(J35="Delayed",I35-H35,"") -> 1
A36: SHP50035 | B36: 46209 | C36: 46212 | D36: Hyderabad | E36: Courier D | F36: Delivered | H36: =IFERROR(VLOOKUP(D36,Settings!$A$5:$C$14,3,FALSE()),"") -> 3 | I36: =IF(C36="","",C36-B36) -> 3 | J36: =IF(I36="","",IF(I36>H36,"Delayed","On Time")) -> On Time | K36: =IF(J36="Delayed",I36-H36,"")
A37: SHP50036 | B37: 46210 | C37: 46214 | D37: Jaipur | E37: Courier A | F37: Delivered | H37: =IFERROR(VLOOKUP(D37,Settings!$A$5:$C$14,3,FALSE()),"") -> 5 | I37: =IF(C37="","",C37-B37) -> 4 | J37: =IF(I37="","",IF(I37>H37,"Delayed","On Time")) -> On Time | K37: =IF(J37="Delayed",I37-H37,"")
A38: SHP50037 | B38: 46210 | C38: 46214 | D38: Delhi | E38: Courier B | F38: Delivered | H38: =IFERROR(VLOOKUP(D38,Settings!$A$5:$C$14,3,FALSE()),"") -> 3 | I38: =IF(C38="","",C38-B38) -> 4 | J38: =IF(I38="","",IF(I38>H38,"Delayed","On Time")) -> Delayed | K38: =IF(J38="Delayed",I38-H38,"") -> 1
A39: SHP50038 | B39: 46210 | C39: 46218 | D39: Guwahati | E39: Courier D | F39: Delivered | H39: =IFERROR(VLOOKUP(D39,Settings!$A$5:$C$14,3,FALSE()),"") -> 7 | I39: =IF(C39="","",C39-B39) -> 8 | J39: =IF(I39="","",IF(I39>H39,"Delayed","On Time")) -> Delayed | K39: =IF(J39="Delayed",I39-H39,"") -> 1
A40: SHP50039 | B40: 46210 | C40: 46216 | D40: Hyderabad | E40: Courier C | F40: Delivered | H40: =IFERROR(VLOOKUP(D40,Settings!$A$5:$C$14,3,FALSE()),"") -> 3 | I40: =IF(C40="","",C40-B40) -> 6 | J40: =IF(I40="","",IF(I40>H40,"Delayed","On Time")) -> Delayed | K40: =IF(J40="Delayed",I40-H40,"") -> 3
A41: SHP50040 | B41: 46210 | C41: 46215 | D41: Delhi | E41: Courier D | F41: Delivered | H41: =IFERROR(VLOOKUP(D41,Settings!$A$5:$C$14,3,FALSE()),"") -> 3 | I41: =IF(C41="","",C41-B41) -> 5 | J41: =IF(I41="","",IF(I41>H41,"Delayed","On Time")) -> Delayed | K41: =IF(J41="Delayed",I41-H41,"") -> 2
A42: SHP50041 | B42: 46210 | C42: 46213 | D42: Bengaluru | E42: Courier A | F42: Delivered | H42: =IFERROR(VLOOKUP(D42,Settings!$A$5:$C$14,3,FALSE()),"") -> 3 | I42: =IF(C42="","",C42-B42) -> 3 | J42: =IF(I42="","",IF(I42>H42,"Delayed","On Time")) -> On Time | K42: =IF(J42="Delayed",I42-H42,"")
A43: SHP50042 | B43: 46210 | C43: 46217 | D43: Jaipur | E43: Courier C | F43: Delivered | H43: =IFERROR(VLOOKUP(D43,Settings!$A$5:$C$14,3,FALSE()),"") -> 5 | I43: =IF(C43="","",C43-B43) -> 7 | J43: =IF(I43="","",IF(I43>H43,"Delayed","On Time")) -> Delayed | K43: =IF(J43="Delayed",I43-H43,"") -> 2
A44: SHP50043 | B44: 46210 | C44: 46211 | D44: Delhi | E44: Courier B | F44: Delivered | H44: =IFERROR(VLOOKUP(D44,Settings!$A$5:$C$14,3,FALSE()),"") -> 3 | I44: =IF(C44="","",C44-B44) -> 1 | J44: =IF(I44="","",IF(I44>H44,"Delayed","On Time")) -> On Time | K44: =IF(J44="Delayed",I44-H44,"")
A45: SHP50044 | B45: 46211 | C45: 46216 | D45: Lucknow | E45: Courier B | F45: Delivered | H45: =IFERROR(VLOOKUP(D45,Settings!$A$5:$C$14,3,FALSE()),"") -> 5 | I45: =IF(C45="","",C45-B45) -> 5 | J45: =IF(I45="","",IF(I45>H45,"Delayed","On Time")) -> On Time | K45: =IF(J45="Delayed",I45-H45,"")
... A50: SHP50049 | B50: 46211 | C50: 46215 | D50: Delhi | E50: Courier C | F50: Delivered | H50: =IFERROR(VLOOKUP(D50,Settings!$A$5:$C$14,3,FALSE()),"") -> 3 | I50: =IF(C50="","",C50-B50) -> 4 | J50: =IF(I50="","",IF(I50>H50,"Delayed","On Time")) -> Delayed | K50: =IF(J50="Delayed",I50-H50,"") -> 1
A51: SHP50050 | B51: 46211 | D51: Delhi | E51: Courier D | F51: RTO | G51: Customer not available | H51: =IFERROR(VLOOKUP(D51,Settings!$A$5:$C$14,3,FALSE()),"") -> 3 | I51: =IF(C51="","",C51-B51) | J51: =IF(I51="","",IF(I51>H51,"Delayed","On Time")) | K51: =IF(J51="Delayed",I51-H51,"")
A52: SHP50051 | B52: 46211 | C52: 46217 | D52: Bengaluru | E52: Courier D | F52: Delivered | H52: =IFERROR(VLOOKUP(D52,Settings!$A$5:$C$14,3,FALSE()),"") -> 3 | I52: =IF(C52="","",C52-B52) -> 6 | J52: =IF(I52="","",IF(I52>H52,"Delayed","On Time")) -> Delayed | K52: =IF(J52="Delayed",I52-H52,"") -> 3
A53: SHP50052 | B53: 46211 | C53: 46213 | D53: Kolkata | E53: Courier C | F53: Delivered | H53: =IFERROR(VLOOKUP(D53,Settings!$A$5:$C$14,3,FALSE()),"") -> 4 | I53: =IF(C53="","",C53-B53) -> 2 | J53: =IF(I53="","",IF(I53>H53,"Delayed","On Time")) -> On Time | K53: =IF(J53="Delayed",I53-H53,"")
A54: SHP50053 | B54: 46211 | C54: 46218 | D54: Lucknow | E54: Courier D | F54: Delivered | H54: =IFERROR(VLOOKUP(D54,Settings!$A$5:$C$14,3,FALSE()),"") -> 5 | I54: =IF(C54="","",C54-B54) -> 7 | J54: =IF(I54="","",IF(I54>H54,"Delayed","On Time")) -> Delayed | K54: =IF(J54="Delayed",I54-H54,"") -> 2
A55: SHP50054 | B55: 46211 | C55: 46212 | D55: Delhi | E55: Courier B | F55: Returned | G55: Changed mind | H55: =IFERROR(VLOOKUP(D55,Settings!$A$5:$C$14,3,FALSE()),"") -> 3 | I55: =IF(C55="","",C55-B55) -> 1 | J55: =IF(I55="","",IF(I55>H55,"Delayed","On Time")) -> On Time | K55: =IF(J55="Delayed",I55-H55,"")
A56: SHP50055 | B56: 46211 | C56: 46215 | D56: Hyderabad | E56: Courier D | F56: Delivered | H56: =IFERROR(VLOOKUP(D56,Settings!$A$5:$C$14,3,FALSE()),"") -> 3 | I56: =IF(C56="","",C56-B56) -> 4 | J56: =IF(I56="","",IF(I56>H56,"Delayed","On Time")) -> Delayed | K56: =IF(J56="Delayed",I56-H56,"") -> 1
A57: SHP50056 | B57: 46212 | C57: 46217 | D57: Mumbai | E57: Courier D | F57: Delivered | H57: =IFERROR(VLOOKUP(D57,Settings!$A$5:$C$14,3,FALSE()),"") -> 3 | I57: =IF(C57="","",C57-B57) -> 5 | J57: =IF(I57="","",IF(I57>H57,"Delayed","On Time")) -> Delayed | K57: =IF(J57="Delayed",I57-H57,"") -> 2
A58: SHP50057 | B58: 46212 | C58: 46214 | D58: Bengaluru | E58: Courier B | F58: Delivered | H58: =IFERROR(VLOOKUP(D58,Settings!$A$5:$C$14,3,FALSE()),"") -> 3 | I58: =IF(C58="","",C58-B58) -> 2 | J58: =IF(I58="","",IF(I58>H58,"Delayed","On Time")) -> On Time | K58: =IF(J58="Delayed",I58-H58,"")
A59: SHP50058 | B59: 46212 | C59: 46216 | D59: Kolkata | E59: Courier A | F59: Delivered | H59: =IFERROR(VLOOKUP(D59,Settings!$A$5:$C$14,3,FALSE()),"") -> 4 | I59: =IF(C59="","",C59-B59) -> 4 | J59: =IF(I59="","",IF(I59>H59,"Delayed","On Time")) -> On Time | K59: =IF(J59="Delayed",I59-H59,"")
A60: SHP50059 | B60: 46212 | C60: 46218 | D60: Jaipur | E60: Courier A | F60: Delivered | H60: =IFERROR(VLOOKUP(D60,Settings!$A$5:$C$14,3,FALSE()),"") -> 5 | I60: =IF(C60="","",C60-B60) -> 6 | J60: =IF(I60="","",IF(I60>H60,"Delayed","On Time")) -> Delayed | K60: =IF(J60="Delayed",I60-H60,"") -> 1
A61: SHP50060 | B61: 46212 | C61: 46214 | D61: Delhi | E61: Courier B | F61: Delivered | H61: =IFERROR(VLOOKUP(D61,Settings!$A$5:$C$14,3,FALSE()),"") -> 3 | I61: =IF(C61="","",C61-B61) -> 2 | J61: =IF(I61="","",IF(I61>H61,"Delayed","On Time")) -> On Time | K61: =IF(J61="Delayed",I61-H61,"")
A62: SHP50061 | B62: 46212 | C62: 46214 | D62: Mumbai | E62: Courier D | F62: Delivered | H62: =IFERROR(VLOOKUP(D62,Settings!$A$5:$C$14,3,FALSE()),"") -> 3 | I62: =IF(C62="","",C62-B62) -> 2 | J62: =IF(I62="","",IF(I62>H62,"Delayed","On Time")) -> On Time | K62: =IF(J62="Delayed",I62-H62,"")
A63: SHP50062 | B63: 46212 | C63: 46215 | D63: Mumbai | E63: Courier C | F63: Delivered | H63: =IFERROR(VLOOKUP(D63,Settings!$A$5:$C$14,3,FALSE()),"") -> 3 | I63: =IF(C63="","",C63-B63) -> 3 | J63: =IF(I63="","",IF(I63>H63,"Delayed","On Time")) -> On Time | K63: =IF(J63="Delayed",I63-H63,"")
A64: SHP50063 | B64: 46212 | C64: 46214 | D64: Mumbai | E64: Courier D | F64: Returned | G64: Changed mind | H64: =IFERROR(VLOOKUP(D64,Settings!$A$5:$C$14,3,FALSE()),"") -> 3 | I64: =IF(C64="","",C64-B64) -> 2 | J64: =IF(I64="","",IF(I64>H64,"Delayed","On Time")) -> On Time | K64: =IF(J64="Delayed",I64-H64,"")
A65: SHP50064 | B65: 46212 | C65: 46215 | D65: Kolkata | E65: Courier A | F65: Delivered | H65: =IFERROR(VLOOKUP(D65,Settings!$A$5:$C$14,3,FALSE()),"") -> 4 | I65: =IF(C65="","",C65-B65) -> 3 | J65: =IF(I65="","",IF(I65>H65,"Delayed","On Time")) -> On Time | K65: =IF(J65="Delayed",I65-H65,"")
A66: SHP50065 | B66: 46212 | C66: 46216 | D66: Mumbai | E66: Courier C | F66: Delivered | H66: =IFERROR(VLOOKUP(D66,Settings!$A$5:$C$14,3,FALSE()),"") -> 3 | I66: =IF(C66="","",C66-B66) -> 4 | J66: =IF(I66="","",IF(I66>H66,"Delayed","On Time")) -> Delayed | K66: =IF(J66="Delayed",I66-H66,"") -> 1
A67: SHP50066 | B67: 46212 | C67: 46213 | D67: Hyderabad | E67: Courier A | F67: Delivered | H67: =IFERROR(VLOOKUP(D67,Settings!$A$5:$C$14,3,FALSE()),"") -> 3 | I67: =IF(C67="","",C67-B67) -> 1 | J67: =IF(I67="","",IF(I67>H67,"Delayed","On Time")) -> On Time | K67: =IF(J67="Delayed",I67-H67,"")
A68: SHP50067 | B68: 46212 | C68: 46214 | D68: Bengaluru | E68: Courier A | F68: Delivered | H68: =IFERROR(VLOOKUP(D68,Settings!$A$5:$C$14,3,FALSE()),"") -> 3 | I68: =IF(C68="","",C68-B68) -> 2 | J68: =IF(I68="","",IF(I68>H68,"Delayed","On Time")) -> On Time | K68: =IF(J68="Delayed",I68-H68,"")
A69: SHP50068 | B69: 46212 | C69: 46217 | D69: Delhi | E69: Courier C | F69: Returned | G69: Refused at delivery | H69: =IFERROR(VLOOKUP(D69,Settings!$A$5:$C$14,3,FALSE()),"") -> 3 | I69: =IF(C69="","",C69-B69) -> 5 | J69: =IF(I69="","",IF(I69>H69,"Delayed","On Time")) -> Delayed | K69: =IF(J69="Delayed",I69-H69,"") -> 2
A70: SHP50069 | B70: 46213 | C70: 46217 | D70: Jaipur | E70: Courier B | F70: Delivered | H70: =IFERROR(VLOOKUP(D70,Settings!$A$5:$C$14,3,FALSE()),"") -> 5 | I70: =IF(C70="","",C70-B70) -> 4 | J70: =IF(I70="","",IF(I70>H70,"Delayed","On Time")) -> On Time | K70: =IF(J70="Delayed",I70-H70,"")
A71: SHP50070 | B71: 46213 | C71: 46215 | D71: Bengaluru | E71: Courier B | F71: Delivered | H71: =IFERROR(VLOOKUP(D71,Settings!$A$5:$C$14,3,FALSE()),"") -> 3 | I71: =IF(C71="","",C71-B71) -> 2 | J71: =IF(I71="","",IF(I71>H71,"Delayed","On Time")) -> On Time | K71: =IF(J71="Delayed",I71-H71,"")
A72: SHP50071 | B72: 46213 | C72: 46217 | D72: Mumbai | E72: Courier D | F72: Delivered | H72: =IFERROR(VLOOKUP(D72,Settings!$A$5:$C$14,3,FALSE()),"") -> 3 | I72: =IF(C72="","",C72-B72) -> 4 | J72: =IF(I72="","",IF(I72>H72,"Delayed","On Time")) -> Delayed | K72: =IF(J72="Delayed",I72-H72,"") -> 1
A73: SHP50072 | B73: 46213 | C73: 46216 | D73: Bengaluru | E73: Courier C | F73: Delivered | H73: =IFERROR(VLOOKUP(D73,Settings!$A$5:$C$14,3,FALSE()),"") -> 3 | I73: =IF(C73="","",C73-B73) -> 3 | J73: =IF(I73="","",IF(I73>H73,"Delayed","On Time")) -> On Time | K73: =IF(J73="Delayed",I73-H73,"")
A74: SHP50073 | B74: 46213 | C74: 46217 | D74: Jaipur | E74: Courier B | F74: Returned | G74: Changed mind | H74: =IFERROR(VLOOKUP(D74,Settings!$A$5:$C$14,3,FALSE()),"") -> 5 | I74: =IF(C74="","",C74-B74) -> 4 | J74: =IF(I74="","",IF(I74>H74,"Delayed","On Time")) -> On Time | K74: =IF(J74="Delayed",I74-H74,"")
A75: SHP50074 | B75: 46213 | D75: Jaipur | E75: Courier B | F75: RTO | G75: Refused at delivery | H75: =IFERROR(VLOOKUP(D75,Settings!$A$5:$C$14,3,FALSE()),"") -> 5 | I75: =IF(C75="","",C75-B75) | J75: =IF(I75="","",IF(I75>H75,"Delayed","On Time")) | K75: =IF(J75="Delayed",I75-H75,"")
A76: SHP50075 | B76: 46213 | C76: 46216 | D76: Mumbai | E76: Courier B | F76: Delivered | H76: =IFERROR(VLOOKUP(D76,Settings!$A$5:$C$14,3,FALSE()),"") -> 3 | I76: =IF(C76="","",C76-B76) -> 3 | J76: =IF(I76="","",IF(I76>H76,"Delayed","On Time")) -> On Time | K76: =IF(J76="Delayed",I76-H76,"")
A77: SHP50076 | B77: 46213 | C77: 46216 | D77: Bengaluru | E77: Courier A | F77: Delivered | H77: =IFERROR(VLOOKUP(D77,Settings!$A$5:$C$14,3,FALSE()),"") -> 3 | I77: =IF(C77="","",C77-B77) -> 3 | J77: =IF(I77="","",IF(I77>H77,"Delayed","On Time")) -> On Time | K77: =IF(J77="Delayed",I77-H77,"")
A78: SHP50077 | B78: 46213 | D78: Jaipur | E78: Courier D | F78: RTO | G78: Address issue | H78: =IFERROR(VLOOKUP(D78,Settings!$A$5:$C$14,3,FALSE()),"") -> 5 | I78: =IF(C78="","",C78-B78) | J78: =IF(I78="","",IF(I78>H78,"Delayed","On Time")) | K78: =IF(J78="Delayed",I78-H78,"")
A79: SHP50078 | B79: 46213 | C79: 46217 | D79: Bengaluru | E79: Courier C | F79: Delivered | H79: =IFERROR(VLOOKUP(D79,Settings!$A$5:$C$14,3,FALSE()),"") -> 3 | I79: =IF(C79="","",C79-B79) -> 4 | J79: =IF(I79="","",IF(I79>H79,"Delayed","On Time")) -> Delayed | K79: =IF(J79="Delayed",I79-H79,"") -> 1
A80: SHP50079 | B80: 46214 | C80: 46220 | D80: Mumbai | E80: Courier B | F80: Delivered | H80: =IFERROR(VLOOKUP(D80,Settings!$A$5:$C$14,3,FALSE()),"") -> 3 | I80: =IF(C80="","",C80-B80) -> 6 | J80: =IF(I80="","",IF(I80>H80,"Delayed","On Time")) -> Delayed | K80: =IF(J80="Delayed",I80-H80,"") -> 3
A81: SHP50080 | B81: 46214 | C81: 46218 | D81: Indore | E81: Courier A | F81: Delivered | H81: =IFERROR(VLOOKUP(D81,Settings!$A$5:$C$14,3,FALSE()),"") -> 5 | I81: =IF(C81="","",C81-B81) -> 4 | J81: =IF(I81="","",IF(I81>H81,"Delayed","On Time")) -> On Time | K81: =IF(J81="Delayed",I81-H81,"")
A82: SHP50081 | B82: 46214 | C82: 46217 | D82: Hyderabad | E82: Courier B | F82: Delivered | H82: =IFERROR(VLOOKUP(D82,Settings!$A$5:$C$14,3,FALSE()),"") -> 3 | I82: =IF(C82="","",C82-B82) -> 3 | J82: =IF(I82="","",IF(I82>H82,"Delayed","On Time")) -> On Time | K82: =IF(J82="Delayed",I82-H82,"")
A83: SHP50082 | B83: 46214 | C83: 46217 | D83: Delhi | E83: Courier A | F83: Delivered | H83: =IFERROR(VLOOKUP(D83,Settings!$A$5:$C$14,3,FALSE()),"") -> 3 | I83: =IF(C83="","",C83-B83) -> 3 | J83: =IF(I83="","",IF(I83>H83,"Delayed","On Time")) -> On Time | K83: =IF(J83="Delayed",I83-H83,"")
A84: SHP50083 | B84: 46214 | C84: 46215 | D84: Bengaluru | E84: Courier A | F84: Delivered | H84: =IFERROR(VLOOKUP(D84,Settings!$A$5:$C$14,3,FALSE()),"") -> 3 | I84: =IF(C84="","",C84-B84) -> 1 | J84: =IF(I84="","",IF(I84>H84,"Delayed","On Time")) -> On Time | K84: =IF(J84="Delayed",I84-H84,"")
A85: SHP50084 | B85: 46214 | C85: 46217 | D85: Delhi | E85: Courier A | F85: Delivered | H85: =IFERROR(VLOOKUP(D85,Settings!$A$5:$C$14,3,FALSE()),"") -> 3 | I85: =IF(C85="","",C85-B85) -> 3 | J85: =IF(I85="","",IF(I85>H85,"Delayed","On Time")) -> On Time | K85: =IF(J85="Delayed",I85-H85,"")
A86: SHP50085 | B86: 46214 | C86: 46218 | D86: Lucknow | E86: Courier A | F86: Delivered | H86: =IFERROR(VLOOKUP(D86,Settings!$A$5:$C$14,3,FALSE()),"") -> 5 | I86: =IF(C86="","",C86-B86) -> 4 | J86: =IF(I86="","",IF(I86>H86,"Delayed","On Time")) -> On Time | K86: =IF(J86="Delayed",I86-H86,"")
A87: SHP50086 | B87: 46214 | C87: 46218 | D87: Indore | E87: Courier B | F87: Delivered | H87: =IFERROR(VLOOKUP(D87,Settings!$A$5:$C$14,3,FALSE()),"") -> 5 | I87: =IF(C87="","",C87-B87) -> 4 | J87: =IF(I87="","",IF(I87>H87,"Delayed","On Time")) -> On Time | K87: =IF(J87="Delayed",I87-H87,"")
A88: SHP50087 | B88: 46214 | C88: 46218 | D88: Mumbai | E88: Courier C | F88: Delivered | H88: =IFERROR(VLOOKUP(D88,Settings!$A$5:$C$14,3,FALSE()),"") -> 3 | I88: =IF(C88="","",C88-B88) -> 4 | J88: =IF(I88="","",IF(I88>H88,"Delayed","On Time")) -> Delayed | K88: =IF(J88="Delayed",I88-H88,"") -> 1
A89: SHP50088 | B89: 46215 | C89: 46219 | D89: Kolkata | E89: Courier A | F89: Delivered | H89: =IFERROR(VLOOKUP(D89,Settings!$A$5:$C$14,3,FALSE()),"") -> 4 | I89: =IF(C89="","",C89-B89) -> 4 | J89: =IF(I89="","",IF(I89>H89,"Delayed","On Time")) -> On Time | K89: =IF(J89="Delayed",I89-H89,"")
A90: SHP50089 | B90: 46215 | C90: 46220 | D90: Mumbai | E90: Courier A | F90: Delivered | H90: =IFERROR(VLOOKUP(D90,Settings!$A$5:$C$14,3,FALSE()),"") -> 3 | I90: =IF(C90="","",C90-B90) -> 5 | J90: =IF(I90="","",IF(I90>H90,"Delayed","On Time")) -> Delayed | K90: =IF(J90="Delayed",I90-H90,"") -> 2
... A95: SHP50094 | B95: 46215 | C95: 46217 | D95: Mumbai | E95: Courier B | F95: Delivered | H95: =IFERROR(VLOOKUP(D95,Settings!$A$5:$C$14,3,FALSE()),"") -> 3 | I95: =IF(C95="","",C95-B95) -> 2 | J95: =IF(I95="","",IF(I95>H95,"Delayed","On Time")) -> On Time | K95: =IF(J95="Delayed",I95-H95,"")
A96: SHP50095 | B96: 46215 | C96: 46219 | D96: Hyderabad | E96: Courier B | F96: Returned | G96: Changed mind | H96: =IFERROR(VLOOKUP(D96,Settings!$A$5:$C$14,3,FALSE()),"") -> 3 | I96: =IF(C96="","",C96-B96) -> 4 | J96: =IF(I96="","",IF(I96>H96,"Delayed","On Time")) -> Delayed | K96: =IF(J96="Delayed",I96-H96,"") -> 1
A97: SHP50096 | B97: 46215 | C97: 46218 | D97: Mumbai | E97: Courier C | F97: Delivered | H97: =IFERROR(VLOOKUP(D97,Settings!$A$5:$C$14,3,FALSE()),"") -> 3 | I97: =IF(C97="","",C97-B97) -> 3 | J97: =IF(I97="","",IF(I97>H97,"Delayed","On Time")) -> On Time | K97: =IF(J97="Delayed",I97-H97,"")
A98: SHP50097 | B98: 46215 | C98: 46220 | D98: Delhi | E98: Courier D | F98: Returned | G98: Changed mind | H98: =IFERROR(VLOOKUP(D98,Settings!$A$5:$C$14,3,FALSE()),"") -> 3 | I98: =IF(C98="","",C98-B98) -> 5 | J98: =IF(I98="","",IF(I98>H98,"Delayed","On Time")) -> Delayed | K98: =IF(J98="Delayed",I98-H98,"") -> 2
A99: SHP50098 | B99: 46215 | C99: 46218 | D99: Mumbai | E99: Courier C | F99: Returned | G99: Damaged / wrong item | H99: =IFERROR(VLOOKUP(D99,Settings!$A$5:$C$14,3,FALSE()),"") -> 3 | I99: =IF(C99="","",C99-B99) -> 3 | J99: =IF(I99="","",IF(I99>H99,"Delayed","On Time")) -> On Time | K99: =IF(J99="Delayed",I99-H99,"")
A100: SHP50099 | B100: 46215 | C100: 46218 | D100: Kolkata | E100: Courier A | F100: Delivered | H100: =IFERROR(VLOOKUP(D100,Settings!$A$5:$C$14,3,FALSE()),"") -> 4 | I100: =IF(C100="","",C100-B100) -> 3 | J100: =IF(I100="","",IF(I100>H100,"Delayed","On Time")) -> On Time | K100: =IF(J100="Delayed",I100-H100,"")
A101: SHP50100 | B101: 46215 | D101: Mumbai | E101: Courier D | F101: RTO | G101: Address issue | H101: =IFERROR(VLOOKUP(D101,Settings!$A$5:$C$14,3,FALSE()),"") -> 3 | I101: =IF(C101="","",C101-B101) | J101: =IF(I101="","",IF(I101>H101,"Delayed","On Time")) | K101: =IF(J101="Delayed",I101-H101,"")
A102: SHP50101 | B102: 46215 | C102: 46219 | D102: Delhi | E102: Courier C | F102: Delivered | H102: =IFERROR(VLOOKUP(D102,Settings!$A$5:$C$14,3,FALSE()),"") -> 3 | I102: =IF(C102="","",C102-B102) -> 4 | J102: =IF(I102="","",IF(I102>H102,"Delayed","On Time")) -> Delayed | K102: =IF(J102="Delayed",I102-H102,"") -> 1
A103: SHP50102 | B103: 46216 | C103: 46219 | D103: Mumbai | E103: Courier A | F103: Delivered | H103: =IFERROR(VLOOKUP(D103,Settings!$A$5:$C$14,3,FALSE()),"") -> 3 | I103: =IF(C103="","",C103-B103) -> 3 | J103: =IF(I103="","",IF(I103>H103,"Delayed","On Time")) -> On Time | K103: =IF(J103="Delayed",I103-H103,"")
A104: SHP50103 | B104: 46216 | C104: 46224 | D104: Guwahati | E104: Courier D | F104: Delivered | H104: =IFERROR(VLOOKUP(D104,Settings!$A$5:$C$14,3,FALSE()),"") -> 7 | I104: =IF(C104="","",C104-B104) -> 8 | J104: =IF(I104="","",IF(I104>H104,"Delayed","On Time")) -> Delayed | K104: =IF(J104="Delayed",I104-H104,"") -> 1
A105: SHP50104 | B105: 46216 | C105: 46219 | D105: Hyderabad | E105: Courier C | F105: Delivered | H105: =IFERROR(VLOOKUP(D105,Settings!$A$5:$C$14,3,FALSE()),"") -> 3 | I105: =IF(C105="","",C105-B105) -> 3 | J105: =IF(I105="","",IF(I105>H105,"Delayed","On Time")) -> On Time | K105: =IF(J105="Delayed",I105-H105,"")
A106: SHP50105 | B106: 46217 | C106: 46220 | D106: Mumbai | E106: Courier B | F106: Delivered | H106: =IFERROR(VLOOKUP(D106,Settings!$A$5:$C$14,3,FALSE()),"") -> 3 | I106: =IF(C106="","",C106-B106) -> 3 | J106: =IF(I106="","",IF(I106>H106,"Delayed","On Time")) -> On Time | K106: =IF(J106="Delayed",I106-H106,"")
A107: SHP50106 | B107: 46217 | C107: 46220 | D107: Delhi | E107: Courier B | F107: Delivered | H107: =IFERROR(VLOOKUP(D107,Settings!$A$5:$C$14,3,FALSE()),"") -> 3 | I107: =IF(C107="","",C107-B107) -> 3 | J107: =IF(I107="","",IF(I107>H107,"Delayed","On Time")) -> On Time | K107: =IF(J107="Delayed",I107-H107,"")
A108: SHP50107 | B108: 46217 | C108: 46221 | D108: Indore | E108: Courier D | F108: Delivered | H108: =IFERROR(VLOOKUP(D108,Settings!$A$5:$C$14,3,FALSE()),"") -> 5 | I108: =IF(C108="","",C108-B108) -> 4 | J108: =IF(I108="","",IF(I108>H108,"Delayed","On Time")) -> On Time | K108: =IF(J108="Delayed",I108-H108,"")
...

Sheet Settings
A1: Settings - City SLA (delivery promise in days)
A2: Edit blue cells. SLA is looked up by the Tracker sheet.
A4: City | B4: Zone | C4: SLA (Days) | E4: Status List | G4: Return / RTO Reasons | I4: Couriers
A5: Delhi | B5: Metro | C5: 3 | E5: Delivered | G5: Damaged / wrong item | I5: Courier A
A6: Mumbai | B6: Metro | C6: 3 | E6: In Transit | G6: Customer not available | I6: Courier B
A7: Bengaluru | B7: Metro | C7: 3 | E7: Returned | G7: Address issue | I7: Courier C
A8: Hyderabad | B8: Metro | C8: 3 | E8: RTO | G8: Refused at delivery | I8: Courier D
A9: Kolkata | B9: Metro | C9: 4 | G9: Changed mind
A10: Jaipur | B10: Tier-2 | C10: 5
A11: Lucknow | B11: Tier-2 | C11: 5
A12: Indore | B12: Tier-2 | C12: 5
A13: Patna | B13: Tier-2 | C13: 6
A14: Guwahati | B14: Remote | C14: 7

Sheet About
A1: About this workbook
A3: Purpose: Track shipments, measure delivery performance against SLA and analyse returns / RTO - a common task for an MIS Analyst in E-commerce.
A4: Data: SIMULATED sample data (800 shipments, 01-Jul-2026 to 30-Sep-2026). Not real company data.
A6: How it works:
A7: Tracker - enter data in blue columns A-G (dropdowns for City, Courier, Status, Reason).
A8: SLA, TAT, Delivery Flag and Days Delayed are formulas (black) and update automatically.
A9: Settings - change SLA days per city; the Tracker and Summary update instantly.
A10: Dashboard - KPI cards and 4 charts; Summary Tables - courier scorecard, return reasons and city-wise tables.
A12: Definitions: TAT = Delivery Date - Ship Date. Delayed = TAT greater than SLA. RTO = Return To Origin.
A13: Formulas used: VLOOKUP, IF, IFERROR, COUNTIFS, AVERAGEIFS, AVERAGE. Also data validation and conditional formatting.
A14: Note: shipments with status In Transit or RTO have no delivery date, so they are excluded from TAT / on-time calculations.
